{"s_points":[[94,60.46875],[95,158.46875],[338,159.46875],[338,121.46875],[380,121.46875],[381,237.46875],[338,237.46875],[338,195.46875],[96,195.46875],[97,290.46875],[243,290.46875],[235,240.46875],[307,208.46875],[259,241.46875],[270,290.46875],[412,291.46875],[409,61.46875],[267,60.46875],[252,115.46875],[306,149.46875],[227,113.46875],[240,60.46875]],"t_points":[[94,60.46875],[95,158.46875],[128,158.46875],[127,119.46875],[170,119.46875],[171,237.46875],[128,237.46875],[128,195.46875],[96,195.46875],[97,290.46875],[243,290.46875],[257,239.46875],[222,192.46875],[282,240.46875],[270,290.46875],[412,291.46875],[409,61.46875],[267,60.46875],[279,114.46875],[221,162.46875],[255,113.46875],[240,60.46875]],"edge_constrains":[[0,1],[8,9],[9,10],[10,14],[14,15],[15,16],[16,17],[17,21],[0,21],[0,9],[0,16],[9,15],[3,5],[4,6],[5,6],[4,5],[3,4],[2,3],[2,7],[6,7],[3,6],[18,20],[11,13],[1,8]],
 "iteration": 400,
 "lr": 0.03}
