{"s_points":[[57,90.46875],[56,302.46875],[312,280.46875],[112,253.46875],[91,158.46875],[411,196.46875],[203,238.46875],[465,248.46875],[440,136.46875]],"t_points":[[71,100.46875],[66,291.46875],[309,246.46875],[107,249.46875],[114,159.46875],[427,217.46875],[249,289.46875],[474,264.46875],[462,162.46875]],"edge_constrains":[[0,1],[1,2],[2,3],[3,4],[4,5],[5,6],[6,7],[7,8],[0,8]],
 "alpha": 0.2,
 "lr": 0.2}
