{"s_points":[[71,68.46875],[178,68.46875],[197,106.46875],[175,137.46875],[220,106.46875],[200,68.46875],[275,68.46875],[277,107.46875],[259,149.46875],[301,108.46875],[301,68.46875],[394,68.46875],[397,281.46875],[306,281.46875],[307,247.46875],[260,209.46875],[281,248.46875],[277,280.46875],[207,279.46875],[220,248.46875],[179,221.46875],[196,250.46875],[187,279.46875],[72,278.46875],[71,189.46875],[91,188.46875],[92,227.46875],[142,226.46875],[141,129.46875],[91,130.46875],[91,162.46875],[71,163.46875]],"t_points":[[71,68.46875],[178,68.46875],[181,106.46875],[223,135.46875],[206,106.46875],[200,68.46875],[275,68.46875],[269,107.46875],[300,144.46875],[292,108.46875],[301,68.46875],[394,68.46875],[397,281.46875],[306,281.46875],[298,245.46875],[303,210.46875],[274,246.46875],[277,280.46875],[207,279.46875],[202,245.46875],[225,219.46875],[182,245.46875],[187,279.46875],[72,278.46875],[71,189.46875],[334,192.46875],[334,230.46875],[385,231.46875],[383,129.46875],[333,130.46875],[333,163.46875],[71,163.46875]],"edge_constrains":[[0,31],[23,24],[29,30],[25,26],[26,27],[27,28],[28,29],[27,29],[28,30],[26,28],[25,27],[0,1],[5,6],[10,11],[11,12],[12,13],[17,18],[22,23],[1,5],[6,10],[18,22],[13,17],[2,4],[7,9],[19,21],[14,16],[0,23],[0,11],[12,23],[24,31],[25,30]],
 "iteration": 400,
 "lr": 0.03,
 "alpha": 0.1}
